data,descricao
2026-10-01,"Arroz, Feijão, Estrogonoff de Frango (Frango, Leite, Extrato e Amido), Salada de Repolho, Melancia"
2026-10-02,"Macarrão ao Molho Bolonhesa, Arroz, Feijão, Salada de Almeirão, Suco"
2026-10-05,"Arroz, Feijão, Carne Moída Refogada com Batata Doce, Salada de Beterraba, Suco"
2026-10-06,"Arroz, Feijão, Fricassê de Frango (Frango, Leite, Amido, Milho, Extrato), Salada de Alface, Melancia"
2026-10-07,"Arroz, Feijão, Carne em Cubos com Abóbora, Salada de Repolho, Melão"
2026-10-08,"Arroz, Feijoada (Feijão Preto, Pernil Suíno, Carne em Cubos), Farofa de Couve, Abacaxi"
2026-10-09,"Macarrão ao Molho Bolonhesa, Arroz, Feijão, Salada de Almeirão, Picolé"
2026-10-12,FERIADO
2026-10-13,"Arroz, Feijão, Carne Mexicana (Carne Moída, Ovos, Cheiro Verde), Salada de Beterraba, Suco"
2026-10-14,"Arroz, Feijão, Estrogonoff de Frango (Frango, Leite, Extrato e Amido), Salada de Repolho com Cenoura, Melancia"
2026-10-15,FERIADO
2026-10-16,"Macarrão ao Molho Bolonhesa, Arroz, Feijão, Salada de Almeirão, Suco"
2026-10-19,"Arroz, Feijão, Carne Moída Refogada com Batata Doce, Salada de Beterraba, Suco"
2026-10-20,"Galinhada (Arroz, Coxa de Frango, Cenoura, Milho, Cheiro Verde), Feijão, Salada de Alface, Melão"
2026-10-21,"Arroz, Feijão, Carne em Cubos com Abóbora, Salada de Repolho com Cenoura, Melancia"
2026-10-22,"Arroz, Feijão, Pernil com Mandioca, Salada de Pepino, Abacaxi"
2026-10-23,"Macarrão ao Molho Bolonhesa, Arroz, Feijão, Salada de Almeirão, Suco"
2026-10-26,"Risoto de Carne Moída (Arroz, Carne Moída, Milho, Cenoura), Feijão, Salada de Beterraba, Suco"
2026-10-27,"Arroz, Feijão, Frango com Batata Doce, Salada de Alface, Melancia"
2026-10-28,FERIADO
2026-10-29,"Arroz, Feijoada (Feijão Preto, Pernil Suíno, Carne em Cubos), Farofa de Couve, Abacaxi"
2026-10-30,"Macarrão ao Molho Bolonhesa, Arroz, Feijão, Salada de Almeirão, Suco"
